qubits,depth,qiskit_aer,cirq,pennylane,qibo,braket
10,10,0.006610525999349193,0.021389296000052127,0.02674995300003502,0.00980086099843902,0.09493458900033147
12,10,0.011466498999652686,0.02779469500092091,0.03691200200046296,0.012731064000035985,0.12655960000120103
14,10,0.028770860999429715,0.04591039700062538,0.056898019000072964,0.03631713899994793,0.16136417599955166
16,10,0.0888029279994953,0.08566193499973451,0.13983196499975747,0.1870609620000323,0.20720607099974586
18,10,0.37326300099994114,0.4612868839994917,1.7292466979997698,1.916997516000265,1.9520963180002582
