qubits,memory_mb
10,0.016512
14,0.262272
18,4.194432
22,67.108992
24,268.435584
