qubits,raw_gates,compiled_gates,qiskit_aer_raw,qiskit_aer_compiled,cirq_raw,cirq_compiled,pennylane_raw,pennylane_compiled,qibo_raw,qibo_compiled,braket_raw,braket_compiled
12,1872,1626,0.0934449840005982,0.069980227999622,0.20392184799857205,0.17254860899993218,0.23832293400118942,0.3516042709998146,0.15115413700004865,0.0941509069998574,1.2921205120001105,0.8661270310003601
14,2548,2252,0.19142015800025547,0.1665340979998291,0.30895633100044506,0.3244491969999217,0.5730178140001954,0.4826595800004725,0.3295547470006568,0.2722642500011716,3.9578860949986847,4.052552223000021
16,3328,3090,0.18051497400119842,0.18182165800135408,0.8176411549993645,0.850948495000921,1.4212294619992463,1.430142976998468,1.677255418000641,1.4721338750005089,4.05913273799888,1.7146354359992984
