qubits,depth,qiskit_aer,cirq,pennylane,qibo,braket
12,5,0.005257777986116707,0.012638952990528196,0.016600458999164402,0.005372259998694062,0.05642022500978783
12,10,0.01030009301030077,0.024687512021046132,0.0323577280214522,0.011120565992314368,0.10891659298795275
12,20,0.0194278730195947,0.04923705098917708,0.06529812200460583,0.02247409400297329,0.2147694530140143
12,40,0.03874113000347279,0.09875566101982258,0.12679798502358608,0.045177835010690615,0.5501190420181956
