qubits,depth,qiskit_aer,cirq,pennylane,qibo,braket
12,5,0.006452623000313906,0.01499134599998797,0.018280981999851065,0.005953726999905484,0.06291561799980627
12,10,0.011767909999889525,0.029256734999762557,0.0344284319999133,0.011486743000205024,0.12094909000006737
12,20,0.02347085400015203,0.06003506400020342,0.07043881900017368,0.023800839000159613,0.32112317400014945
12,40,0.04143516999965868,0.10249931299995296,0.1336200099999587,0.049106943999959185,0.6805396830000063
